Date,Open,High,Low,Last,Close,Total Trade Quantity,Turnover (Lacs)
2018-09-07,1419.95,1422.7,1394.9,1409.05,1408.8,970102.0,13652.71
2018-09-06,1438.0,1451.0,1405.4,1416.2,1416.95,1055786.0,15050.83
2018-09-05,1445.0,1461.8,1390.6,1430.0,1432.1,1337839.0,19077.29
2018-09-04,1526.0,1526.9,1436.7,1449.65,1448.75,1714015.0,25009.13
2018-09-03,1556.7,1558.0,1518.8,1526.3,1526.25,430144.0,6629.42
2018-08-31,1527.9,1560.0,1523.1,1557.1,1549.35,710787.0,10943.42
2018-08-30,1550.0,1562.4,1522.3,1527.35,1526.05,1640069.0,25220.69
2018-08-29,1560.0,1568.0,1545.0,1548.25,1549.15,424655.0,6600.35
2018-08-28,1566.0,1578.0,1556.35,1556.65,1564.25,1047002.0,16408.92
2018-08-27,1534.85,1558.0,1522.0,1557.3,1551.5,1131085.0,17438.02
2018-08-24,1505.0,1544.9,1505.0,1527.0,1522.45,1375051.0,21024.52
2018-08-23,1520.05,1526.85,1495.9,1502.0,1504.9,682064.0,10287.32
2018-08-21,1522.75,1532.5,1505.7,1519.0,1519.2,587258.0,8930.45
2018-08-20,1518.0,1522.0,1505.45,1512.3,1512.6,352076.0,5330.79
2018-08-17,1519.8,1524.8,1505.45,1511.5,1510.5,637693.0,9655.31
2018-08-16,1504.0,1539.5,1500.0,1510.0,1509.55,1443475.0,22005.97
2018-08-14,1508.8,1519.0,1502.5,1505.15,1507.1,622918.0,9413.12
2018-08-13,1520.95,1523.65,1497.0,1504.5,1502.2,853357.0,12898.64
2018-08-10,1498.0,1529.8,1495.9,1522.6,1521.4,1275578.0,19367.91
2018-08-09,1505.0,1523.0,1491.55,1498.0,1498.8,934588.0,14070.99
2018-08-08,1491.45,1518.4,1488.1,1498.65,1499.45,1010066.0,15195.22
2018-08-07,1509.75,1528.0,1484.0,1490.0,1491.2,2322521.0,35018.45
2018-08-06,1463.0,1502.0,1455.0,1502.0,1493.2,1753655.0,25973.55
2018-08-03,1428.0,1464.45,1423.25,1451.5,1451.5,2488860.0,36051.25
2018-08-02,1395.0,1432.2,1387.35,1420.0,1417.65,1497620.0,21264.04
2018-08-01,1409.0,1413.0,1382.6,1395.0,1395.7,1311379.0,18341.82
2018-07-31,1423.0,1423.0,1400.0,1406.0,1404.9,827286.0,11646.38
2018-07-30,1420.0,1441.5,1408.35,1419.25,1420.0,1266145.0,18067.75
2018-07-27,1395.0,1421.0,1375.5,1415.2,1415.15,1545485.0,21681.48
2018-07-26,1425.0,1438.0,1387.6,1393.0,1396.4,3907259.0,55153.97
2018-07-25,1449.9,1490.0,1377.0,1394.3,1400.35,7507974.0,107926.92
2018-07-24,1451.75,1457.0,1411.0,1440.0,1437.3,1418423.0,20310.92
2018-07-23,1491.15,1493.0,1375.35,1449.0,1450.3,1749298.0,25240.25
2018-07-20,1424.0,1499.0,1413.05,1482.0,1481.4,2498313.0,36864.12
2018-07-19,1419.15,1430.0,1410.0,1417.85,1415.95,537723.0,7624.55
2018-07-18,1435.0,1440.0,1407.0,1424.0,1418.45,838192.0,11931.52
2018-07-17,1424.95,1435.7,1412.4,1428.0,1428.45,1067706.0,15226.61
2018-07-16,1408.7,1444.15,1401.45,1420.6,1419.6,1505919.0,21465.44
2018-07-13,1429.0,1436.0,1396.0,1412.0,1408.7,765549.0,10812.21
2018-07-12,1439.9,1444.95,1415.0,1426.0,1424.6,798731.0,11404.82
2018-07-11,1412.0,1440.0,1405.65,1429.0,1427.95,977089.0,13964.88
2018-07-10,1424.9,1434.9,1405.9,1417.1,1415.65,1129887.0,16057.26
2018-07-09,1378.95,1415.5,1370.0,1415.5,1411.85,1728540.0,24162.38
2018-07-06,1419.0,1420.0,1348.4,1367.9,1365.45,1812180.0,25034.26
2018-07-05,1426.5,1426.5,1410.0,1417.0,1416.5,645774.0,9152.96
2018-07-04,1435.0,1439.45,1418.5,1432.95,1428.9,980448.0,14015.1
2018-07-03,1417.0,1438.0,1408.1,1431.85,1431.85,1460747.0,20791.9
2018-07-02,1396.0,1430.0,1377.2,1417.0,1408.65,902871.0,12617.2
2018-06-29,1374.0,1394.9,1365.15,1394.75,1386.45,688648.0,9495.83
2018-06-28,1393.0,1402.0,1355.4,1374.0,1364.3,1282427.0,17654.76
2018-06-27,1417.65,1431.85,1385.0,1391.0,1390.3,1625532.0,22928.42
2018-06-26,1391.1,1415.0,1381.0,1406.5,1406.65,950864.0,13329.45
2018-06-25,1390.0,1417.5,1386.35,1398.0,1394.85,1042571.0,14618.33
2018-06-22,1360.9,1400.0,1353.05,1392.85,1394.55,1726396.0,23940.02
2018-06-21,1368.0,1385.25,1350.7,1361.8,1356.65,710681.0,9665.91
2018-06-20,2760.0,2768.0,2711.3,2726.3,2723.0,859394.0,23564.37
2018-06-19,2789.0,2806.8,2740.0,2747.55,2751.55,713690.0,19743.18
2018-06-18,2770.0,2817.9,2751.55,2806.0,2810.7,1069147.0,29816.99
2018-06-15,2739.0,2784.0,2720.0,2770.0,2765.3,1421623.0,39086.04
2018-06-14,2675.0,2729.0,2670.0,2726.0,2721.45,963032.0,25938.47
2018-06-13,2718.0,2729.9,2660.9,2675.0,2670.6,735447.0,19854.88
2018-06-12,2713.0,2723.8,2682.7,2700.0,2697.3,484839.0,13094.51
2018-06-11,2690.0,2735.9,2682.0,2693.0,2697.85,734729.0,19927.0
2018-06-08,2659.75,2688.0,2630.45,2678.0,2679.25,649150.0,17276.49
2018-06-07,2650.0,2685.6,2620.4,2655.0,2656.1,810288.0,21522.2
2018-06-06,2577.0,2638.5,2560.0,2631.0,2631.55,892316.0,23193.75
2018-06-05,2563.9,2597.0,2538.0,2572.0,2564.4,989980.0,25427.5
2018-06-04,2523.9,2576.8,2470.1,2549.0,2561.15,1327445.0,33752.73
2018-06-01,2524.15,2545.0,2470.05,2501.0,2501.1,921980.0,23077.15
2018-05-31,2560.0,2574.9,2497.6,2507.1,2508.6,1439316.0,36375.19
2018-05-30,2621.0,2664.0,2495.0,2514.0,2506.15,3174937.0,81614.86
2018-05-29,2700.0,2700.0,2565.0,2572.0,2576.45,1581977.0,41356.55
2018-05-28,2665.1,2750.0,2645.1,2725.0,2730.4,971711.0,26431.18
2018-05-25,2670.0,2696.0,2650.95,2660.0,2662.05,753693.0,20150.72
2018-05-24,2575.0,2667.45,2566.05,2662.0,2653.7,911079.0,23905.8
2018-05-23,2519.95,2581.95,2514.0,2574.0,2565.3,889208.0,22757.5
2018-05-22,2520.0,2543.6,2500.5,2517.15,2512.8,400527.0,10104.74
2018-05-21,2513.0,2545.9,2490.25,2524.95,2527.25,842140.0,21237.94
2018-05-18,2445.0,2519.0,2443.7,2513.0,2497.85,956317.0,23796.95
2018-05-17,2480.0,2485.0,2433.6,2455.0,2449.9,623180.0,15298.77
2018-05-16,2395.0,2470.25,2381.55,2468.0,2457.25,812412.0,19743.42
2018-05-15,2441.0,2482.0,2388.4,2401.0,2400.45,927796.0,22571.55
2018-05-14,2485.0,2498.05,2423.0,2437.45,2437.8,466802.0,11483.78
2018-05-11,2478.0,2515.0,2433.0,2477.9,2477.85,1325718.0,32846.67
2018-05-10,2560.0,2583.45,2463.0,2478.0,2474.6,1693538.0,42440.23
2018-05-09,2590.0,2645.0,2540.0,2548.95,2555.1,2480681.0,64498.15
2018-05-08,2633.0,2668.8,2535.6,2555.95,2560.35,4867929.0,126475.04
2018-05-07,2583.0,2628.5,2573.0,2614.0,2605.15,972116.0,25327.22
2018-05-04,2549.9,2575.0,2540.45,2572.0,2565.3,333973.0,8550.52
2018-05-03,2549.4,2590.0,2524.25,2550.0,2546.0,491955.0,12542.08
2018-05-02,2555.0,2594.8,2520.15,2555.1,2549.8,602449.0,15476.47
2018-04-30,2522.0,2565.1,2522.0,2547.9,2540.25,291989.0,7422.89
2018-04-27,2539.0,2565.85,2511.1,2554.45,2551.35,675460.0,17174.03
2018-04-26,2460.0,2539.8,2449.0,2526.0,2525.8,1195758.0,30013.23
2018-04-25,2442.4,2481.0,2435.0,2454.0,2457.75,465933.0,11474.94
2018-04-24,2490.0,2490.0,2432.85,2454.0,2448.35,343207.0,8414.52
2018-04-23,2451.0,2482.35,2421.65,2465.0,2460.55,551997.0,13571.88
2018-04-20,2448.2,2473.4,2430.3,2450.0,2445.85,637112.0,15591.77
2018-04-19,2505.5,2511.25,2470.0,2481.0,2478.55,477367.0,11860.32
2018-04-18,2514.75,2532.2,2478.45,2487.4,2486.9,511719.0,12805.2
2018-04-17,2491.1,2538.7,2477.05,2514.0,2514.75,1083596.0,27289.05
2018-04-16,2473.0,2502.4,2463.5,2482.85,2484.15,611421.0,15184.3
2018-04-13,2485.0,2511.8,2454.0,2494.0,2493.75,855946.0,21288.78
2018-04-12,2495.95,2522.0,2471.0,2482.3,2477.5,1314332.0,32820.8
2018-04-11,2436.0,2490.85,2424.75,2486.35,2486.35,1128564.0,27854.15
2018-04-10,2464.0,2465.9,2407.0,2433.0,2428.6,706447.0,17168.39
2018-04-09,2450.0,2487.0,2436.4,2449.35,2453.15,1441401.0,35463.32
2018-04-06,2335.0,2437.6,2322.55,2427.0,2430.35,1888980.0,45358.39
2018-04-05,2330.0,2343.85,2315.0,2339.85,2335.35,315803.0,7354.81
2018-04-04,2329.0,2345.0,2296.45,2312.0,2309.3,708423.0,16437.81
2018-04-03,2368.0,2379.95,2302.2,2329.95,2329.15,992288.0,23114.91
2018-04-02,2350.0,2367.0,2335.55,2357.55,2356.1,484866.0,11396.5
2018-03-28,2345.0,2364.0,2310.75,2323.0,2325.85,1328797.0,31013.15
2018-03-27,2367.95,2396.0,2320.65,2348.5,2341.05,1490655.0,35330.74
2018-03-26,2299.95,2354.5,2282.05,2347.3,2344.0,2186647.0,50962.05
2018-03-23,2233.0,2297.9,2220.0,2270.0,2277.05,1939420.0,44083.96
2018-03-22,2220.95,2300.0,2215.0,2265.45,2275.0,3282766.0,74377.23
2018-03-21,2144.0,2215.45,2135.05,2203.0,2207.35,1619899.0,35332.37
2018-03-20,2103.0,2133.85,2091.5,2129.0,2121.8,621810.0,13179.71
2018-03-19,2125.0,2161.3,2094.4,2113.15,2113.15,988750.0,21022.34
2018-03-16,2151.0,2170.0,2100.2,2119.05,2111.65,825718.0,17637.97
2018-03-15,2091.0,2160.0,2085.25,2159.95,2147.1,1520066.0,32405.47
2018-03-14,2047.0,2086.2,2045.3,2083.0,2078.95,416793.0,8606.35
2018-03-13,2075.0,2098.5,2047.0,2059.0,2060.1,524075.0,10878.11
2018-03-12,2090.0,2098.0,2061.4,2075.0,2084.05,882266.0,18367.91
2018-03-09,2020.0,2080.0,2010.0,2060.3,2060.3,1376180.0,28249.26
2018-03-08,1991.0,2021.0,1962.0,2020.0,2010.45,503731.0,10036.06
2018-03-07,1990.0,2005.0,1969.0,1986.0,1978.25,499818.0,9916.82
2018-03-06,2006.0,2040.95,1972.2,1979.6,1989.25,866691.0,17476.48
2018-03-05,2005.0,2018.9,1975.25,1998.5,1997.6,499605.0,9976.61
2018-03-01,2039.95,2047.3,1995.65,2006.1,2005.85,423544.0,8546.11
2018-02-28,2006.0,2052.0,2006.0,2031.5,2034.0,498823.0,10147.49
2018-02-27,2021.0,2056.0,2004.0,2040.95,2038.35,1277154.0,25993.21
2018-02-26,2018.55,2020.0,1985.55,2004.0,2000.6,831646.0,16618.68
2018-02-23,1979.3,2019.65,1979.0,2004.0,2003.3,593887.0,11904.7
2018-02-22,1974.0,2005.0,1963.85,1965.25,1974.9,566338.0,11233.26
2018-02-21,2016.9,2016.9,1966.1,1990.0,1990.3,533111.0,10599.27
2018-02-20,2018.7,2028.5,1976.3,1989.0,1997.2,819579.0,16433.54
2018-02-19,1966.3,2018.2,1910.0,2008.0,1993.85,1075766.0,20978.16
2018-02-16,2028.0,2039.85,1936.0,1963.85,1951.65,1086108.0,21481.21
2018-02-15,2042.5,2114.0,1990.55,2010.0,2011.9,1662514.0,34267.72
2018-02-14,2054.0,2058.0,2023.55,2030.0,2042.5,492952.0,10058.21
2018-02-12,2015.05,2056.95,2015.05,2030.0,2026.65,653313.0,13304.95
2018-02-09,1930.05,2019.9,1930.05,2019.9,1998.7,665951.0,13199.81
2018-02-08,2026.0,2041.0,1981.0,2005.0,1999.9,857848.0,17250.26
2018-02-07,2003.9,2037.9,1975.0,2006.8,1999.95,688601.0,13779.64
2018-02-06,1805.0,2020.0,1803.2,1988.0,1979.1,1389047.0,26796.71
2018-02-05,1960.0,2043.0,1951.0,1957.0,1959.35,996002.0,19717.81
2018-02-02,2000.0,2036.9,1942.05,2012.5,2006.2,1012110.0,20252.24
2018-02-01,2053.45,2094.0,1991.35,2044.0,2047.35,1086776.0,22339.47
2018-01-31,2148.0,2148.4,2026.0,2039.65,2043.2,1180069.0,24398.5
2018-01-30,2164.55,2205.0,2128.0,2134.0,2138.25,922573.0,20003.7
2018-01-29,2224.0,2226.05,2152.75,2179.0,2167.75,622192.0,13548.85
2018-01-25,2273.0,2283.5,2195.85,2202.05,2210.2,1648800.0,36689.93
2018-01-24,2265.55,2323.0,2252.05,2272.25,2273.4,1168325.0,26648.16
2018-01-23,2276.8,2330.9,2200.55,2294.0,2283.0,2337022.0,53400.76
2018-01-22,2155.0,2299.0,2141.55,2269.5,2273.3,6219270.0,138431.28
2018-01-19,1949.95,2112.9,1943.4,2101.0,2093.3,5277319.0,107206.6
2018-01-18,1920.0,1986.5,1920.0,1949.9,1943.35,1463218.0,28648.38
2018-01-17,1891.1,1922.0,1879.0,1922.0,1906.25,657539.0,12522.69
2018-01-16,1901.0,1919.1,1865.0,1902.5,1899.55,723285.0,13743.6
2018-01-15,1929.0,1932.8,1878.6,1900.0,1894.9,452435.0,8600.7
2018-01-12,1947.0,1950.0,1895.0,1903.05,1909.95,532907.0,10228.18
2018-01-11,1925.0,1943.4,1905.0,1916.3,1923.4,397754.0,7652.71
2018-01-10,1943.15,1967.0,1910.4,1920.5,1920.5,720309.0,13939.08
2018-01-09,1929.0,1931.85,1903.4,1923.05,1922.0,377933.0,7255.55
2018-01-08,1910.0,1944.25,1890.0,1930.1,1931.0,719531.0,13814.7
2018-01-05,1859.0,1913.4,1841.0,1902.45,1904.35,1270276.0,24025.96
2018-01-04,1858.0,1863.9,1820.3,1835.6,1838.75,592506.0,10879.95
2018-01-03,1801.0,1857.0,1800.0,1846.0,1850.55,1275474.0,23424.15
2018-01-02,1779.9,1805.0,1771.3,1790.5,1792.35,649265.0,11617.31
2018-01-01,1750.25,1783.1,1745.75,1777.0,1776.6,466361.0,8254.96
2017-12-29,1725.0,1770.0,1715.0,1758.8,1761.1,904031.0,15849.43
2017-12-28,1724.15,1739.45,1702.55,1724.85,1709.75,504928.0,8675.94
2017-12-27,1785.0,1790.9,1711.75,1719.0,1724.15,548224.0,9619.74
2017-12-26,1764.45,1796.45,1761.15,1776.15,1782.1,312146.0,5566.85
2017-12-22,1783.6,1788.75,1755.25,1758.8,1764.8,374442.0,6635.4
2017-12-21,1790.0,1794.0,1761.55,1771.65,1774.1,327017.0,5806.37
2017-12-20,1766.0,1790.0,1765.5,1780.0,1781.45,421841.0,7498.01
2017-12-19,1738.0,1770.0,1738.0,1762.1,1763.2,363842.0,6406.1
2017-12-18,1720.2,1764.0,1647.4,1751.05,1745.95,868752.0,15089.4
2017-12-15,1703.1,1732.0,1703.1,1720.2,1720.2,499900.0,8591.64
2017-12-14,1722.0,1723.95,1664.85,1694.0,1694.0,506184.0,8521.97
2017-12-13,1727.95,1735.9,1692.6,1708.0,1701.45,487083.0,8358.51
2017-12-12,1685.0,1732.5,1672.1,1716.35,1719.05,1172295.0,20096.42
2017-12-11,1672.0,1689.0,1653.0,1678.0,1677.1,480827.0,8055.3
2017-12-08,1658.5,1700.0,1650.6,1661.0,1661.1,1084388.0,18151.12
2017-12-07,1706.55,1712.7,1645.5,1652.1,1650.55,1091477.0,18202.31
2017-12-06,1740.0,1747.2,1700.05,1703.0,1705.6,500236.0,8605.68
2017-12-05,1732.5,1752.25,1714.0,1746.9,1743.75,441190.0,7639.37
2017-12-04,1774.0,1774.0,1726.3,1739.85,1732.3,470970.0,8230.8
2017-12-01,1787.9,1787.9,1745.1,1759.9,1752.7,317873.0,5613.94
2017-11-30,1780.0,1799.0,1768.1,1773.3,1775.2,806892.0,14361.6
2017-11-29,1805.0,1809.7,1781.8,1786.5,1789.8,478792.0,8593.74
2017-11-28,1796.15,1831.9,1787.8,1794.0,1794.65,965511.0,17500.97
2017-11-27,1781.0,1812.4,1780.0,1796.15,1799.8,656156.0,11803.12
2017-11-24,1712.0,1810.0,1702.05,1797.0,1803.3,1375147.0,24387.55
2017-11-23,1735.25,1737.8,1711.1,1712.1,1716.7,200911.0,3456.97
2017-11-22,1730.0,1740.65,1706.8,1733.35,1726.6,321453.0,5530.63
2017-11-21,1742.1,1761.45,1716.0,1734.3,1731.45,392141.0,6827.44
2017-11-20,1762.0,1768.0,1735.0,1752.0,1745.85,332413.0,5809.68
2017-11-17,1779.6,1791.0,1753.2,1761.15,1761.1,744983.0,13196.19
2017-11-16,1750.0,1782.75,1722.15,1779.4,1774.6,1012008.0,17702.39
2017-11-15,1690.0,1745.0,1685.55,1715.0,1712.75,867709.0,14996.53
2017-11-14,1702.0,1716.9,1695.6,1705.0,1700.55,446470.0,7611.44
2017-11-13,1720.0,1720.05,1686.2,1698.5,1699.4,919037.0,15640.5
2017-11-10,1660.0,1674.85,1640.05,1660.05,1661.8,574916.0,9536.96
2017-11-09,1620.0,1665.0,1611.7,1663.0,1649.35,676684.0,11071.99
2017-11-08,1597.0,1633.9,1590.0,1615.75,1614.25,558323.0,9026.91
2017-11-07,1619.25,1628.0,1593.55,1597.0,1599.3,374856.0,6032.79
2017-11-06,1609.7,1631.5,1595.5,1616.25,1615.65,380457.0,6144.3
2017-11-03,1628.0,1633.0,1604.8,1611.3,1611.3,332563.0,5367.51
2017-11-02,1626.5,1638.55,1613.4,1619.0,1617.75,327671.0,5322.11
2017-11-01,1633.0,1656.0,1620.0,1626.55,1626.5,608953.0,9983.25
2017-10-31,1621.0,1650.8,1615.9,1632.2,1632.65,690324.0,11280.02
2017-10-30,1627.1,1640.95,1606.8,1622.0,1620.15,585941.0,9493.81
2017-10-27,1678.9,1698.0,1618.0,1625.0,1622.3,1738039.0,28676.53
2017-10-26,1595.1,1719.9,1565.6,1640.55,1642.65,5187137.0,85763.23
2017-10-25,1615.9,1630.0,1588.05,1595.2,1604.8,1037754.0,16705.21
2017-10-24,1552.2,1615.25,1549.3,1613.5,1609.85,1380356.0,21934.68
2017-10-23,1530.1,1565.0,1526.0,1547.05,1548.2,841823.0,12995.37
2017-10-19,1542.2,1549.95,1517.45,1526.0,1529.7,119287.0,1831.99
2017-10-18,1593.95,1594.6,1519.4,1536.0,1532.95,1284687.0,20029.79
2017-10-17,1544.0,1590.95,1544.0,1585.0,1582.5,1253858.0,19679.13
2017-10-16,1528.0,1562.9,1519.1,1557.0,1551.65,1464541.0,22624.13
2017-10-13,1510.0,1532.0,1510.0,1515.0,1515.55,946117.0,14394.92
2017-10-12,1501.0,1516.5,1487.7,1508.0,1501.8,717750.0,10772.84
2017-10-11,1544.8,1551.6,1483.1,1488.05,1490.25,1606907.0,24415.14
2017-10-10,1506.8,1535.95,1466.4,1520.6,1526.2,1466929.0,22048.06
2017-10-09,1545.0,1555.45,1492.0,1498.0,1497.9,1398803.0,21206.71
2017-10-06,1520.0,1555.0,1510.0,1545.05,1543.4,2970740.0,45752.55
2017-10-05,1419.0,1490.0,1410.0,1483.4,1482.35,1906198.0,27759.19
2017-10-04,1416.5,1424.9,1392.45,1408.15,1407.45,484931.0,6821.6
2017-10-03,1402.1,1436.65,1402.1,1416.5,1416.05,729091.0,10362.32
2017-09-29,1385.0,1404.0,1375.5,1392.0,1390.95,476540.0,6626.2
2017-09-28,1356.1,1384.5,1334.5,1374.0,1375.85,797246.0,10886.26
2017-09-27,1406.0,1416.0,1350.0,1359.0,1355.9,680179.0,9414.43
2017-09-26,1387.0,1403.05,1362.2,1399.0,1392.8,639397.0,8821.19
2017-09-25,1382.0,1392.0,1331.0,1385.0,1380.95,614646.0,8382.73
2017-09-22,1385.0,1398.0,1364.0,1379.0,1380.2,563609.0,7773.32
2017-09-21,1397.5,1409.7,1377.65,1396.0,1392.55,473735.0,6598.29
2017-09-20,1400.0,1420.0,1388.0,1405.75,1405.4,688509.0,9684.64
2017-09-19,1428.0,1435.0,1378.3,1400.05,1396.05,1099926.0,15484.36
2017-09-18,1384.0,1427.7,1367.2,1423.15,1423.2,1417565.0,19885.84
2017-09-15,1351.1,1370.0,1345.6,1359.35,1359.15,709529.0,9631.43
2017-09-14,1355.1,1383.9,1342.65,1377.2,1373.45,3000789.0,41016.45
2017-09-13,1420.0,1421.0,1305.05,1338.0,1323.35,2391392.0,32475.89
2017-09-12,1470.95,1475.45,1420.05,1424.85,1424.8,1593399.0,22934.12
2017-09-11,1394.0,1464.0,1385.0,1463.6,1452.0,1423607.0,20270.03
2017-09-08,1398.1,1404.0,1377.25,1387.0,1384.5,468209.0,6505.02
2017-09-07,1392.1,1407.4,1384.15,1390.1,1389.0,361510.0,5041.12
2017-09-06,1380.0,1405.0,1370.05,1393.0,1391.3,592148.0,8235.19
2017-09-05,1395.0,1397.85,1370.1,1382.0,1378.85,437298.0,6047.64
2017-09-04,1397.3,1398.0,1365.05,1380.85,1379.9,562943.0,7775.99
2017-09-01,1395.35,1425.0,1395.05,1400.0,1403.1,749515.0,10573.93
2017-08-31,1379.75,1405.0,1356.35,1403.15,1394.5,765404.0,10554.83
2017-08-30,1360.0,1397.75,1355.0,1370.0,1366.05,1157869.0,15912.04
2017-08-29,1388.85,1388.85,1337.45,1343.4,1344.85,658811.0,8958.03
2017-08-28,1392.0,1404.0,1376.1,1381.45,1382.5,580508.0,8066.17
2017-08-24,1388.0,1406.0,1372.05,1389.65,1393.55,730350.0,10172.36
2017-08-23,1369.0,1387.65,1354.0,1383.0,1380.3,665029.0,9109.7
2017-08-22,1410.0,1410.05,1352.5,1359.1,1357.1,993348.0,13728.95
2017-08-21,1403.8,1432.75,1372.0,1376.15,1383.6,1008859.0,14230.33
2017-08-18,1390.0,1410.95,1379.0,1395.0,1394.55,736471.0,10271.84
2017-08-17,1408.0,1424.5,1386.0,1399.05,1399.4,1254835.0,17652.87
2017-08-16,1409.0,1444.75,1382.65,1385.95,1392.9,2174134.0,30691.25
2017-08-14,1305.0,1380.0,1305.0,1379.9,1370.7,1253203.0,16923.78
2017-08-11,1289.0,1336.2,1269.95,1298.0,1296.6,1223225.0,15948.55
2017-08-10,1298.0,1352.4,1267.2,1320.0,1317.95,1926331.0,25498.98
2017-08-09,1342.0,1355.75,1283.25,1297.0,1299.2,1763170.0,23364.97
2017-08-08,1275.2,1345.0,1255.0,1337.2,1330.8,1674075.0,21807.43
2017-08-07,1270.1,1286.0,1258.0,1265.0,1264.55,352060.0,4468.84
2017-08-04,1256.0,1286.0,1246.8,1279.95,1279.3,789359.0,9992.18
2017-08-03,1286.0,1293.9,1250.0,1250.6,1254.8,541181.0,6867.6
2017-08-02,1280.2,1306.0,1269.65,1280.0,1280.75,662368.0,8547.36
2017-08-01,1307.6,1321.25,1283.8,1293.0,1293.95,563946.0,7339.89
2017-07-31,1322.0,1338.0,1304.5,1310.0,1317.75,1182849.0,15638.49
2017-07-28,1281.95,1318.0,1260.0,1313.0,1312.6,1067103.0,13849.75
2017-07-27,1283.0,1298.7,1268.1,1287.9,1278.45,872533.0,11178.91
2017-07-26,1302.25,1312.4,1270.8,1277.0,1282.85,1266049.0,16396.94
2017-07-25,1250.0,1308.0,1235.3,1295.9,1296.35,1587139.0,20336.71
2017-07-24,1252.0,1266.65,1233.25,1251.95,1252.2,708924.0,8860.62
2017-07-21,1300.0,1309.45,1237.5,1250.25,1254.0,1135921.0,14361.23
2017-07-20,1290.0,1318.9,1286.95,1298.7,1298.1,1003031.0,13071.16
2017-07-19,1323.1,1329.05,1282.55,1288.95,1290.0,1888442.0,24431.45
2017-07-18,1265.1,1334.95,1247.35,1322.0,1325.1,5504940.0,72266.07
2017-07-17,1187.0,1285.9,1161.0,1269.0,1272.7,6933168.0,84809.35
2017-07-14,1115.35,1178.5,1105.0,1168.65,1164.6,1579818.0,18251.64
2017-07-13,1110.1,1118.6,1095.3,1117.9,1111.5,278018.0,3076.88
2017-07-12,1093.1,1114.0,1090.05,1103.2,1106.1,320543.0,3532.77
2017-07-11,1115.0,1126.2,1085.1,1093.1,1090.75,409566.0,4507.7
2017-07-10,1134.0,1134.0,1099.9,1115.0,1112.0,129919.0,1443.8
2017-07-07,1077.0,1102.0,1065.3,1100.1,1093.35,683694.0,7458.86
2017-07-06,1045.8,1091.4,1039.2,1080.0,1077.85,876216.0,9408.21
2017-07-05,1031.7,1057.0,1028.05,1048.05,1048.95,550836.0,5747.6
2017-07-04,1012.0,1044.0,1012.0,1025.0,1025.45,1289457.0,13317.45
2017-07-03,946.4,1006.85,946.4,1006.0,999.25,1016369.0,10010.76
2017-06-30,945.0,952.0,937.3,947.5,946.4,365054.0,3444.52
2017-06-29,946.55,957.6,936.95,951.0,952.1,517249.0,4908.55
2017-06-28,921.05,942.0,915.05,942.0,938.0,316313.0,2955.48
2017-06-27,918.0,934.5,918.0,929.0,929.0,472073.0,4380.56
2017-06-23,914.0,934.5,901.5,917.0,922.95,576549.0,5307.69
2017-06-22,929.9,929.9,909.6,914.0,913.25,363307.0,3337.19
2017-06-21,923.0,938.1,914.75,927.05,926.2,460579.0,4272.87
2017-06-20,923.5,930.45,920.0,925.0,924.0,291920.0,2699.73
2017-06-19,940.1,944.95,918.6,923.5,924.65,656933.0,6096.04
2017-06-16,963.0,968.75,925.4,943.0,938.2,496384.0,4695.59
2017-06-15,959.95,964.9,953.0,959.0,959.25,231706.0,2219.84
2017-06-14,962.0,968.0,952.0,968.0,962.6,324857.0,3115.56
2017-06-13,961.15,973.0,953.0,970.7,970.05,421456.0,4069.9
2017-06-12,960.0,966.85,950.1,957.5,959.55,265930.0,2551.12
2017-06-09,964.0,975.0,952.45,973.0,969.1,370792.0,3568.71
2017-06-08,952.0,971.9,952.0,963.4,963.8,500353.0,4818.48
2017-06-07,957.2,961.35,945.0,956.45,955.2,472750.0,4503.46
2017-06-06,936.05,965.8,935.2,956.9,952.55,1196195.0,11417.97
2017-06-05,931.0,949.0,926.1,932.1,936.05,514033.0,4833.14
2017-06-02,914.25,934.8,908.3,932.0,930.85,620511.0,5733.76
2017-06-01,920.0,920.0,898.1,912.5,912.25,921483.0,8376.54
2017-05-31,911.95,925.0,888.0,917.0,914.9,1195336.0,10867.51
2017-05-30,880.1,921.0,817.2,910.2,909.15,5504664.0,48236.0
2017-05-29,997.8,998.4,925.0,937.2,940.35,974901.0,9338.98
2017-05-26,1024.0,1035.0,982.5,993.95,992.7,391221.0,3963.86
2017-05-25,974.45,1024.0,965.25,1024.0,1014.95,524803.0,5238.03
2017-05-24,995.0,1005.9,966.0,974.45,976.45,448045.0,4427.23
2017-05-23,1030.0,1030.0,990.0,990.0,993.15,342845.0,3460.83
2017-05-22,1018.1,1038.0,1015.0,1022.85,1030.3,321837.0,3303.98
2017-05-19,1022.0,1042.2,1011.0,1012.55,1018.1,287852.0,2951.17
2017-05-18,1039.7,1049.15,1012.2,1014.1,1019.35,381432.0,3943.25
2017-05-17,1044.0,1058.75,1024.2,1047.0,1049.05,393751.0,4094.73
2017-05-16,1028.5,1054.85,1028.5,1052.0,1050.65,487510.0,5081.11
2017-05-15,991.85,1031.0,983.55,1029.6,1025.45,576466.0,5820.69
2017-05-12,995.0,1005.0,976.0,988.5,986.35,436605.0,4303.87
2017-05-11,975.0,1002.0,975.0,994.0,990.2,689077.0,6829.71
2017-05-10,980.05,987.0,968.0,974.95,974.6,455758.0,4442.83
2017-05-09,1008.0,1009.0,985.0,993.0,991.7,462507.0,4597.73
2017-05-08,1028.0,1038.0,1007.5,1008.05,1009.85,279368.0,2838.7
2017-05-05,1047.95,1051.7,1024.8,1028.0,1027.7,351506.0,3650.1
2017-05-04,1060.0,1100.3,1032.0,1035.0,1035.8,491076.0,5173.83
2017-05-03,1040.0,1062.0,1038.5,1056.0,1057.95,371766.0,3929.05
2017-05-02,1042.45,1063.8,1035.0,1049.1,1044.2,368399.0,3863.37
2017-04-28,1019.0,1048.0,1018.0,1044.1,1042.15,218959.0,2270.15
2017-04-27,1040.1,1059.0,1017.05,1019.0,1029.65,585055.0,6079.28
2017-04-26,1067.45,1082.85,1042.0,1045.0,1049.55,341121.0,3639.41
2017-04-25,1056.0,1072.0,1050.8,1065.0,1067.45,281915.0,3000.41
2017-04-24,1031.0,1057.85,1023.0,1048.05,1050.1,425928.0,4455.21
2017-04-21,1030.0,1037.6,1020.8,1027.0,1030.8,279453.0,2876.57
2017-04-20,1013.0,1031.8,1012.75,1028.0,1028.4,315835.0,3232.71
2017-04-19,1001.0,1025.0,998.5,1012.0,1013.25,373368.0,3795.86
2017-04-18,990.0,1020.65,989.95,1008.75,1008.15,423490.0,4267.71
2017-04-17,1009.0,1012.0,984.0,987.0,988.1,325291.0,3228.91
2017-04-13,1018.0,1026.95,1004.0,1004.55,1012.75,326708.0,3322.86
2017-04-12,1030.6,1040.0,1011.25,1019.0,1019.15,423512.0,4345.34
2017-04-11,1019.0,1033.0,1016.6,1030.0,1028.4,685337.0,7034.64
2017-04-10,1047.8,1056.0,1025.1,1027.0,1029.0,380746.0,3958.92
2017-04-07,1046.0,1061.6,1035.0,1039.0,1040.0,352794.0,3681.64
2017-04-06,1092.9,1095.0,1048.0,1051.1,1053.9,431028.0,4599.0
2017-04-05,1102.05,1110.0,1084.75,1093.0,1095.25,223081.0,2454.71
2017-04-03,1105.0,1116.4,1095.15,1095.15,1102.7,361478.0,4002.85
2017-03-31,1124.0,1124.8,1102.25,1106.95,1107.35,278815.0,3092.88
2017-03-30,1103.9,1127.9,1100.8,1120.95,1117.45,546788.0,6087.19
2017-03-29,1103.1,1114.0,1098.0,1099.65,1101.75,234274.0,2590.11
2017-03-28,1108.9,1117.7,1095.1,1101.9,1099.8,407789.0,4512.48
2017-03-27,1083.0,1109.95,1071.75,1109.95,1104.05,369906.0,4044.2
2017-03-24,1090.0,1094.85,1078.3,1083.0,1081.45,283018.0,3072.4
2017-03-23,1085.0,1095.0,1082.0,1088.5,1088.95,254362.0,2769.85
2017-03-22,1074.55,1099.8,1074.55,1078.9,1078.8,399668.0,4347.02
2017-03-21,1118.05,1120.6,1088.45,1092.0,1093.15,693758.0,7594.93
2017-03-20,1105.65,1129.0,1101.9,1119.15,1116.8,678399.0,7584.02
2017-03-17,1114.7,1119.4,1098.4,1106.0,1105.75,238721.0,2643.48
2017-03-16,1108.1,1120.0,1104.0,1108.65,1111.7,438030.0,4880.39
2017-03-15,1100.05,1113.95,1083.35,1100.0,1099.75,450037.0,4948.13
2017-03-14,1090.55,1107.0,1085.7,1098.8,1098.1,833706.0,9150.86
2017-03-10,1057.3,1086.7,1057.0,1072.75,1073.6,1050276.0,11287.08
2017-03-09,1058.0,1067.7,1052.3,1056.4,1055.9,294885.0,3120.09
2017-03-08,1055.05,1070.0,1051.2,1056.8,1056.65,266307.0,2821.24
2017-03-07,1060.5,1070.75,1054.4,1055.0,1058.3,312512.0,3313.29
2017-03-06,1060.0,1071.0,1050.65,1063.0,1063.7,544071.0,5776.07
2017-03-03,1032.0,1060.0,1026.1,1054.15,1056.05,998409.0,10429.76
2017-03-02,1019.9,1078.6,1016.4,1034.95,1031.1,3450567.0,36418.63
2017-03-01,1010.0,1023.35,1000.0,1000.0,1002.35,348328.0,3519.06
2017-02-28,1004.9,1016.1,994.05,1010.1,1010.75,414139.0,4164.22
2017-02-27,1005.0,1015.0,992.3,1001.0,998.0,281961.0,2822.76
2017-02-23,1010.0,1022.0,997.75,1006.2,1006.0,825028.0,8314.65
2017-02-22,1005.0,1029.8,1000.0,1005.15,1009.95,900621.0,9163.24
2017-02-21,994.0,1006.75,994.0,997.2,998.55,373825.0,3737.87
2017-02-20,997.95,1012.5,987.15,989.0,993.75,418893.0,4201.3
2017-02-17,980.0,1002.0,977.0,990.0,992.75,410095.0,4071.51
2017-02-16,974.0,983.35,961.0,975.6,977.05,343726.0,3346.0
2017-02-15,986.0,998.95,967.0,968.0,971.75,432439.0,4247.41
2017-02-14,1016.0,1016.0,978.55,985.1,988.4,446107.0,4435.15
2017-02-13,1002.85,1021.5,990.15,1008.65,1011.8,698573.0,7054.76
2017-02-10,1006.95,1008.0,990.0,994.5,993.9,420393.0,4196.91
2017-02-09,996.5,1019.5,995.0,999.9,1001.1,661425.0,6651.47
2017-02-08,1004.65,1009.0,978.8,989.0,992.2,569631.0,5648.7
2017-02-07,1019.0,1027.5,983.25,1001.5,999.8,2155667.0,21659.08
2017-02-06,927.0,1042.7,903.85,1007.45,1007.35,4278045.0,41882.07
2017-02-03,920.0,940.0,910.0,910.0,921.6,532598.0,4954.21
2017-02-02,884.9,932.35,875.9,921.0,923.65,1110447.0,10189.91
2017-02-01,875.8,886.8,853.85,881.25,883.35,364706.0,3200.37
2017-01-31,861.0,891.0,852.0,870.0,876.15,1195665.0,10353.69
2017-01-30,877.0,877.0,860.5,862.5,864.45,600020.0,5212.98
2017-01-27,864.8,887.8,858.35,871.0,878.7,1024062.0,8989.82
2017-01-25,847.0,865.65,835.6,856.0,854.05,852782.0,7216.34
2017-01-24,838.0,847.15,834.0,841.0,839.5,428059.0,3595.81
2017-01-23,846.0,853.45,836.0,846.95,843.7,326675.0,2760.96
2017-01-20,881.0,886.4,842.0,845.45,846.45,1161120.0,10038.85
2017-01-19,884.0,899.25,872.35,887.0,887.0,1107410.0,9825.4
2017-01-18,833.2,886.0,829.0,882.5,881.45,1119713.0,9657.43
2017-01-17,832.85,842.0,828.25,832.0,832.6,214487.0,1789.89
2017-01-16,845.0,848.95,828.0,831.2,832.85,235837.0,1968.52
2017-01-13,840.15,854.95,833.6,841.0,842.65,271998.0,2294.84
2017-01-12,843.1,851.9,836.75,840.05,842.85,197284.0,1662.22
2017-01-11,834.9,851.65,834.8,843.1,845.95,303977.0,2564.92
2017-01-10,827.7,835.45,819.05,834.0,832.45,398215.0,3301.78
2017-01-09,838.75,846.95,823.0,825.0,825.0,293818.0,2442.58
2017-01-06,862.9,870.8,837.0,838.5,839.05,450050.0,3821.86
2017-01-05,866.0,871.5,851.5,860.0,861.05,455154.0,3923.73
2017-01-04,868.7,871.0,850.0,865.0,862.35,340511.0,2930.87
2017-01-03,860.0,872.9,856.05,868.0,867.65,272889.0,2367.21
2017-01-02,854.5,865.0,842.2,856.0,859.9,334040.0,2861.03
2016-12-30,829.0,861.9,820.0,850.0,853.45,565579.0,4769.65
2016-12-29,827.2,838.0,813.0,833.25,830.0,401644.0,3312.53
2016-12-28,819.0,835.75,813.0,831.0,831.65,515717.0,4270.42
2016-12-27,785.0,818.0,785.0,812.0,813.2,745294.0,6009.88
2016-12-26,779.7,798.95,760.5,791.0,791.4,908085.0,7077.29
2016-12-23,803.0,810.7,781.0,782.1,785.25,707563.0,5638.49
2016-12-22,813.5,818.85,800.5,809.0,812.8,494115.0,3992.23
2016-12-21,831.0,848.0,814.0,814.3,819.05,409138.0,3364.07
2016-12-20,833.0,843.9,825.25,828.05,830.4,245736.0,2045.83
2016-12-19,842.0,848.0,831.05,837.05,838.9,231533.0,1943.72
2016-12-16,836.0,844.25,821.7,840.0,837.9,531371.0,4437.27
2016-12-15,833.0,846.4,828.25,830.95,833.05,449189.0,3754.7
2016-12-14,855.0,868.55,840.0,845.0,845.1,503543.0,4293.36
2016-12-13,855.7,862.6,843.1,853.1,853.8,222052.0,1892.55
2016-12-12,859.0,878.0,851.0,855.0,854.05,282471.0,2438.89
2016-12-09,870.85,879.0,861.5,863.0,864.55,271013.0,2354.52
2016-12-08,853.85,878.4,850.15,868.8,867.55,453793.0,3935.73
2016-12-07,856.0,865.0,839.05,847.95,847.3,346689.0,2964.28
2016-12-06,854.5,871.0,850.3,852.65,853.5,501421.0,4306.33
2016-12-05,872.0,879.0,840.1,849.2,849.5,695420.0,5940.02
2016-12-02,901.0,901.95,867.0,868.0,871.05,439204.0,3874.56
2016-12-01,920.0,925.95,905.05,907.0,909.05,245631.0,2245.37
2016-11-30,929.0,935.0,910.0,923.5,920.4,397686.0,3659.79
2016-11-29,894.0,930.0,888.1,928.0,925.2,562483.0,5176.57
2016-11-28,886.8,900.0,882.0,886.0,888.9,226453.0,2016.02
2016-11-25,856.65,891.9,855.0,886.0,886.75,359777.0,3153.45
2016-11-24,880.0,880.05,851.55,855.2,855.65,311036.0,2683.83
2016-11-23,883.0,888.0,870.6,882.0,881.8,238993.0,2100.78
2016-11-22,898.0,898.0,877.0,878.2,881.4,408555.0,3617.54
2016-11-21,887.0,897.0,875.0,887.05,887.7,445386.0,3931.73
2016-11-18,893.0,896.55,863.9,888.0,886.0,563315.0,4953.71
2016-11-17,885.0,903.0,878.1,898.0,894.15,311932.0,2772.41
2016-11-16,860.1,887.65,827.25,882.0,881.7,930765.0,8056.91
2016-11-15,902.0,902.0,845.0,855.65,851.95,740101.0,6348.91
2016-11-11,935.0,950.0,886.0,910.6,893.1,800091.0,7247.47
2016-11-10,946.0,974.95,941.1,942.15,946.45,421299.0,4028.95
2016-11-09,900.1,950.0,880.0,934.0,932.2,1095298.0,9965.02
2016-11-08,970.1,980.85,965.65,976.0,977.65,274439.0,2672.77
2016-11-07,974.0,981.0,960.0,965.0,963.3,218815.0,2122.3
2016-11-04,963.5,980.5,954.0,960.05,959.95,453975.0,4405.67
2016-11-03,976.0,985.95,961.0,965.0,965.15,363713.0,3534.01
2016-11-02,983.1,991.95,973.0,975.25,976.8,463590.0,4543.94
2016-11-01,1006.0,1014.8,994.0,994.05,999.35,388860.0,3912.97
2016-10-30,1015.0,1018.85,1001.25,1006.3,1008.95,75444.0,762.17
2016-10-28,992.0,1028.5,992.0,1000.0,1000.4,812071.0,8202.07
2016-10-27,1040.5,1042.05,990.0,993.0,995.4,1618075.0,16246.23
2016-10-26,1157.4,1184.0,1044.0,1054.8,1057.3,3397675.0,37582.43
2016-10-25,1109.9,1163.5,1094.15,1160.4,1147.05,571511.0,6434.84
2016-10-24,1098.0,1127.9,1073.05,1108.8,1107.05,494196.0,5495.62
2016-10-21,1110.0,1114.0,1088.1,1097.95,1097.9,437881.0,4813.71
2016-10-20,1097.5,1139.0,1097.0,1118.0,1118.7,1291971.0,14514.67
2016-10-19,1057.55,1097.15,1049.6,1083.0,1085.0,780337.0,8411.13
2016-10-18,1044.0,1055.95,1041.0,1053.2,1050.15,448099.0,4704.93
2016-10-17,1044.0,1053.15,1038.5,1044.25,1044.05,344823.0,3603.45
2016-10-14,1038.9,1054.15,1034.2,1043.0,1043.85,510736.0,5340.15
2016-10-13,1060.1,1078.0,1029.25,1032.0,1035.35,810521.0,8538.39
2016-10-10,1064.7,1071.0,1037.25,1060.0,1053.95,696007.0,7306.82
2016-10-07,1026.0,1068.85,1024.95,1059.3,1063.65,1445474.0,15219.24
2016-10-06,989.9,1035.9,989.9,1017.0,1019.45,1044865.0,10682.13
2016-10-05,996.0,1001.45,985.5,994.0,993.45,369238.0,3667.38
2016-10-04,980.0,998.0,976.15,998.0,993.8,552685.0,5469.62
2016-10-03,973.0,979.6,959.8,973.0,974.5,545546.0,5294.17
2016-09-30,928.0,970.0,915.55,969.9,964.0,1001924.0,9462.53
2016-09-29,961.0,973.5,930.0,934.25,939.55,1169489.0,11084.92
2016-09-28,966.0,975.85,956.15,962.05,965.2,417560.0,4037.37
2016-09-27,960.0,976.25,955.0,964.1,964.8,625560.0,6034.15
2016-09-26,991.95,1002.35,948.0,960.05,960.15,970072.0,9455.5
2016-09-23,982.9,1006.0,973.0,994.0,993.85,1303780.0,12935.68
2016-09-22,955.0,986.75,951.9,976.45,976.45,897513.0,8689.6
2016-09-21,957.0,965.0,943.0,946.0,946.25,1631113.0,15551.79
2016-09-20,950.0,951.3,923.05,945.0,943.75,5346852.0,50169.85
2016-09-19,1045.0,1060.0,1001.0,1004.2,1005.6,891397.0,9054.22
2016-09-16,1048.0,1057.0,1034.0,1042.05,1042.85,519730.0,5433.03
2016-09-15,1050.0,1061.0,1037.0,1045.0,1043.5,330732.0,3458.66
2016-09-14,1060.0,1067.35,1043.4,1048.7,1048.4,448674.0,4729.56
2016-09-12,1058.0,1064.15,1028.6,1047.6,1049.3,401229.0,4215.31
2016-09-09,1071.0,1089.45,1064.4,1070.1,1075.25,409129.0,4396.3
2016-09-08,1091.7,1095.0,1074.5,1082.45,1081.3,449172.0,4860.25
2016-09-07,1060.0,1092.5,1046.0,1092.0,1087.45,1253502.0,13478.47
2016-09-06,1110.0,1123.75,1058.25,1068.25,1067.9,3314856.0,35837.97
2016-09-02,1158.0,1195.0,1138.0,1182.5,1183.1,549878.0,6438.48
2016-09-01,1174.2,1175.9,1145.2,1154.1,1154.75,360398.0,4193.41
2016-08-31,1190.0,1192.1,1166.35,1170.05,1174.35,564341.0,6627.23
2016-08-30,1200.7,1207.85,1173.25,1180.15,1182.0,366667.0,4350.87
2016-08-29,1214.9,1219.5,1181.1,1196.0,1194.35,341450.0,4068.96
2016-08-26,1232.25,1257.65,1200.0,1207.0,1205.9,406352.0,4960.9
2016-08-25,1235.4,1238.0,1211.1,1230.5,1231.5,287552.0,3532.51
2016-08-24,1230.8,1245.0,1220.2,1228.05,1232.95,229799.0,2839.42
2016-08-23,1234.0,1236.65,1211.25,1227.15,1230.25,191525.0,2342.43
2016-08-22,1225.0,1247.4,1220.45,1235.0,1235.0,200967.0,2483.94
2016-08-19,1220.0,1235.0,1208.6,1227.0,1226.05,269953.0,3304.24
2016-08-18,1250.0,1260.0,1210.5,1213.45,1216.0,384830.0,4727.65
2016-08-17,1219.9,1248.8,1209.6,1247.0,1243.4,677038.0,8372.08
2016-08-16,1192.55,1227.0,1185.7,1223.9,1218.15,626125.0,7611.36
2016-08-12,1172.0,1206.0,1172.0,1183.05,1184.65,409753.0,4880.11
2016-08-11,1174.9,1192.0,1156.55,1170.0,1171.45,344192.0,4045.19
2016-08-10,1193.6,1199.2,1168.7,1174.0,1173.85,406645.0,4812.11
2016-08-09,1214.6,1217.65,1177.7,1188.0,1189.7,376385.0,4480.16
2016-08-08,1177.95,1219.9,1163.45,1208.9,1206.4,460008.0,5518.67
2016-08-05,1187.0,1194.95,1138.2,1162.0,1172.0,676739.0,7866.67
2016-08-04,1216.0,1230.0,1150.0,1180.0,1178.15,753491.0,8873.27
2016-08-03,1283.85,1288.0,1196.0,1200.0,1204.2,569644.0,6991.9
2016-08-02,1267.8,1298.8,1258.0,1277.0,1276.05,721444.0,9265.19
2016-08-01,1228.95,1274.5,1228.3,1266.0,1265.05,849516.0,10678.59
2016-07-29,1226.9,1240.0,1214.05,1226.6,1223.9,425828.0,5226.79
2016-07-28,1185.0,1234.0,1183.85,1227.45,1220.05,680002.0,8238.85
2016-07-27,1201.75,1218.4,1166.0,1179.5,1178.85,369904.0,4399.18
2016-07-26,1182.0,1218.0,1175.05,1198.0,1199.7,630776.0,7587.35
2016-07-25,1155.0,1186.0,1155.0,1174.95,1172.05,351399.0,4127.51
2016-07-22,1143.0,1165.0,1143.0,1155.0,1154.65,295065.0,3413.29
2016-07-21,1150.0,1182.8,1136.85,1145.0,1142.65,427964.0,4978.09
2016-07-20,1142.0,1155.6,1123.2,1155.0,1144.55,398247.0,4520.53
2016-07-19,1150.2,1163.0,1130.75,1136.05,1135.2,377239.0,4305.85
2016-07-18,1140.0,1175.0,1135.0,1152.95,1149.4,344479.0,3983.35
2016-07-15,1201.0,1220.0,1125.6,1134.35,1146.75,643938.0,7623.77
2016-07-14,1173.6,1213.0,1162.2,1199.5,1193.7,645115.0,7699.95
2016-07-13,1185.0,1185.0,1154.9,1164.9,1162.05,386172.0,4501.7
2016-07-12,1185.0,1185.5,1170.2,1176.5,1174.05,276381.0,3251.88
2016-07-11,1171.5,1198.4,1165.75,1172.9,1173.8,498508.0,5888.28
2016-07-08,1212.1,1222.5,1170.0,1179.0,1180.75,632128.0,7519.38
2016-07-07,1231.9,1250.0,1207.15,1216.0,1211.55,403389.0,4947.01
2016-07-05,1230.1,1257.35,1213.45,1225.2,1230.95,725576.0,8971.96
2016-07-04,1174.2,1277.4,1174.2,1230.1,1238.6,1431523.0,17689.33
2016-07-01,1157.0,1179.95,1142.95,1171.7,1174.15,477583.0,5548.52
2016-06-30,1098.0,1165.0,1098.0,1160.0,1135.95,1279229.0,14440.81
2016-06-29,1071.95,1122.6,1070.0,1100.0,1097.35,822449.0,9074.67
2016-06-28,1051.5,1070.25,1048.4,1058.75,1061.9,341179.0,3629.9
2016-06-27,1037.0,1067.75,1037.0,1042.0,1047.25,187900.0,1983.18
2016-06-24,1057.0,1059.95,1020.3,1045.95,1046.75,320525.0,3335.82
2016-06-23,1044.8,1080.55,1033.0,1073.8,1076.3,512854.0,5432.15
2016-06-22,1060.0,1070.15,1042.8,1046.1,1049.1,179850.0,1900.76
2016-06-21,1050.0,1070.0,1045.05,1055.5,1060.2,411695.0,4359.9
2016-06-20,1072.4,1081.9,1059.0,1065.9,1071.0,216694.0,2324.07
2016-06-17,1080.0,1088.75,1068.0,1077.25,1079.8,445966.0,4820.85
2016-06-16,1048.0,1080.0,1041.0,1074.05,1073.75,583773.0,6197.19
2016-06-15,1053.0,1062.0,1037.0,1048.0,1051.4,341673.0,3601.5
2016-06-14,1039.0,1055.8,1026.05,1043.95,1047.7,500136.0,5232.18
2016-06-13,1015.0,1043.8,1000.0,1037.95,1039.05,638109.0,6537.38
2016-06-10,1049.0,1064.0,1018.8,1020.4,1021.25,723467.0,7537.29
2016-06-09,1064.0,1074.5,1035.25,1055.0,1060.95,829511.0,8770.96
2016-06-08,1009.0,1064.45,1002.15,1060.0,1058.95,1179564.0,12298.31
2016-06-07,1007.0,1013.5,992.3,1005.0,1005.75,507622.0,5096.66
2016-06-06,1000.6,1015.0,980.5,997.2,997.2,468848.0,4684.49
2016-06-03,1020.0,1028.0,995.1,997.8,998.1,624391.0,6285.91
2016-06-02,1010.0,1028.4,995.0,1017.8,1018.45,821306.0,8327.65
2016-06-01,1040.0,1044.35,1005.0,1013.05,1013.05,797259.0,8142.53
2016-05-31,1038.0,1047.7,1011.6,1030.0,1033.65,1312115.0,13527.16
2016-05-30,1094.0,1094.0,1011.1,1025.25,1023.0,2054853.0,21421.14
2016-05-27,1153.0,1172.95,1080.0,1101.25,1111.95,1121879.0,12535.06
2016-05-26,1092.0,1174.2,1074.0,1142.0,1153.0,1597822.0,18182.56
2016-05-25,1087.35,1105.0,1050.0,1097.0,1090.75,1366948.0,14804.5
2016-05-24,1109.75,1120.0,974.0,1066.5,1063.5,7505650.0,76655.7
2016-05-23,1122.0,1137.75,1105.2,1109.75,1112.0,221931.0,2490.41
2016-05-20,1147.5,1155.0,1111.2,1117.1,1119.9,307274.0,3463.29
2016-05-19,1171.9,1171.9,1139.0,1147.25,1146.05,168406.0,1951.38
2016-05-18,1165.0,1175.0,1158.55,1167.15,1166.6,232536.0,2716.37
2016-05-17,1190.0,1197.7,1166.8,1167.6,1171.05,240865.0,2855.19
2016-05-16,1185.0,1194.9,1165.5,1182.5,1183.45,204792.0,2421.27
2016-05-13,1175.0,1214.0,1171.9,1180.0,1181.75,442136.0,5265.55
2016-05-12,1168.0,1182.6,1163.1,1177.0,1178.0,209683.0,2459.81
2016-05-11,1159.5,1177.0,1152.5,1168.0,1165.85,284535.0,3320.49
2016-05-10,1186.0,1198.65,1161.2,1180.0,1179.2,372266.0,4377.22
2016-05-09,1185.0,1203.1,1170.3,1186.0,1187.9,438607.0,5229.25
2016-05-06,1149.0,1184.0,1141.25,1182.0,1177.85,593092.0,6947.29
2016-05-05,1158.3,1175.0,1145.85,1155.0,1156.85,391022.0,4538.3
2016-05-04,1140.0,1165.0,1080.45,1151.6,1148.9,1282583.0,14463.5
2016-05-03,1184.95,1195.1,1135.35,1140.0,1149.95,515461.0,6063.93
2016-05-02,1152.7,1185.0,1141.0,1170.15,1177.3,418294.0,4903.86
2016-04-29,1192.0,1220.0,1122.0,1154.0,1156.95,1671666.0,19397.64
2016-04-28,1330.0,1330.0,1175.9,1189.95,1190.65,4216521.0,53109.91
2016-04-27,1325.0,1348.75,1320.0,1325.6,1332.35,324105.0,4327.68
2016-04-26,1277.8,1328.4,1255.0,1325.0,1319.75,417198.0,5418.26
2016-04-25,1243.5,1297.65,1238.0,1284.0,1282.25,405713.0,5139.89
2016-04-22,1275.0,1275.0,1236.0,1242.0,1241.8,208054.0,2604.56
2016-04-21,1314.8,1338.9,1265.0,1276.0,1275.65,329962.0,4299.57
2016-04-20,1252.0,1302.3,1252.0,1295.0,1293.55,334523.0,4298.53
2016-04-18,1273.75,1273.75,1231.55,1250.0,1248.9,125518.0,1573.62
2016-04-13,1246.1,1290.0,1245.6,1258.0,1256.95,391683.0,4971.07
2016-04-12,1260.0,1276.75,1226.25,1233.65,1234.95,260811.0,3265.17
2016-04-11,1249.25,1264.5,1227.45,1255.25,1258.9,161771.0,2025.32
2016-04-08,1230.0,1268.0,1230.0,1254.0,1255.65,231285.0,2907.5
2016-04-07,1234.0,1256.0,1212.0,1232.0,1234.85,216410.0,2669.78
2016-04-06,1228.4,1248.0,1206.0,1233.0,1227.25,209680.0,2573.33
2016-04-05,1263.0,1273.45,1215.0,1220.0,1222.65,210383.0,2621.16
2016-04-04,1290.1,1299.95,1263.0,1269.95,1271.6,126904.0,1622.41
2016-04-01,1282.0,1308.0,1279.3,1288.0,1295.3,344164.0,4462.05
2016-03-31,1232.9,1288.5,1232.0,1274.0,1276.85,507155.0,6416.17
2016-03-30,1240.0,1247.5,1218.0,1231.0,1229.45,166044.0,2042.19
2016-03-29,1219.0,1243.5,1215.0,1220.0,1220.65,284570.0,3487.85
2016-03-28,1235.0,1255.0,1203.05,1215.0,1207.7,182859.0,2234.12
2016-03-23,1217.0,1253.35,1213.05,1236.5,1233.85,212730.0,2634.9
2016-03-22,1236.1,1250.0,1207.7,1226.3,1229.9,337690.0,4140.92
2016-03-21,1201.0,1259.0,1201.0,1235.0,1235.15,563863.0,6965.68
2016-03-18,1138.0,1201.9,1136.45,1200.0,1196.65,527097.0,6172.17
2016-03-17,1154.95,1176.45,1130.0,1135.9,1142.4,462891.0,5388.15
2016-03-16,1140.5,1159.0,1123.0,1135.05,1141.8,350124.0,4001.52
2016-03-15,1172.95,1172.95,1130.05,1140.0,1138.2,292628.0,3351.37
2016-03-14,1135.0,1180.6,1130.5,1173.0,1173.1,504696.0,5864.44
2016-03-11,1094.0,1139.05,1093.9,1128.0,1128.2,309511.0,3467.62
2016-03-10,1153.65,1158.0,1098.5,1106.95,1107.9,389863.0,4348.55
2016-03-09,1160.35,1189.5,1123.2,1146.1,1147.95,332038.0,3824.25
2016-03-08,1133.65,1199.0,1119.6,1176.9,1180.75,410243.0,4754.56
2016-03-04,1160.0,1166.95,1121.15,1144.05,1133.65,512417.0,5862.56
2016-03-03,1100.6,1191.0,1100.6,1160.0,1158.55,581225.0,6748.01
2016-03-02,1064.05,1118.0,1064.05,1100.0,1097.3,370161.0,4069.87
2016-03-01,990.0,1068.2,986.25,1057.0,1061.0,429152.0,4460.2
2016-02-29,968.2,1012.0,961.0,987.7,994.85,455225.0,4493.27
2016-02-26,976.0,985.0,960.0,967.05,968.2,293148.0,2845.67
2016-02-25,992.0,994.05,946.5,963.0,965.85,579773.0,5603.77
2016-02-24,967.0,1009.2,950.45,984.2,985.5,641458.0,6321.73
2016-02-23,1028.0,1031.9,959.8,975.0,972.45,566281.0,5561.52
2016-02-22,1030.6,1030.6,1001.5,1010.0,1007.7,215593.0,2188.34
2016-02-19,1024.9,1032.0,991.2,1023.0,1023.8,407264.0,4120.4
2016-02-18,1065.0,1070.7,1003.0,1014.0,1016.65,559680.0,5747.89
2016-02-17,1027.2,1065.0,936.55,1056.0,1048.95,1207011.0,11983.32
2016-02-16,1034.0,1047.55,1005.5,1025.0,1036.05,625928.0,6440.55
2016-02-15,985.0,1049.0,958.15,1025.0,1026.3,1115598.0,11228.47
2016-02-12,1072.4,1073.3,887.35,956.95,963.8,1617735.0,15694.46
2016-02-11,1189.9,1192.0,1021.85,1064.0,1062.3,1253493.0,13760.4
2016-02-10,1188.5,1200.0,1164.6,1194.3,1186.25,226100.0,2675.73
2016-02-09,1165.1,1220.0,1165.1,1188.5,1191.05,198004.0,2371.67
2016-02-08,1174.7,1212.0,1172.6,1201.0,1203.45,264480.0,3175.2
2016-02-05,1170.0,1204.0,1158.35,1182.0,1171.75,278363.0,3271.0
2016-02-04,1213.0,1213.0,1142.45,1184.65,1180.15,511194.0,5991.97
2016-02-03,1207.0,1231.0,1190.05,1195.05,1203.75,228922.0,2774.16
2016-02-02,1234.0,1247.4,1206.25,1219.0,1219.3,357893.0,4381.43
2016-02-01,1283.0,1294.7,1138.6,1226.0,1224.2,832000.0,10027.44
2016-01-29,1239.95,1282.0,1224.25,1270.0,1272.15,233798.0,2925.93
2016-01-28,1237.0,1252.0,1221.7,1226.0,1228.45,337152.0,4154.14
2016-01-27,1250.0,1274.9,1233.0,1240.0,1246.8,211085.0,2635.42
2016-01-25,1210.7,1278.0,1204.0,1252.0,1253.0,604779.0,7576.88
2016-01-22,1163.0,1216.8,1143.55,1195.65,1206.1,321629.0,3823.03
2016-01-21,1179.95,1185.0,1148.0,1156.6,1158.7,302329.0,3507.68
2016-01-20,1189.0,1200.5,1147.45,1170.5,1174.2,201405.0,2372.09
2016-01-19,1203.15,1218.0,1154.0,1197.3,1199.45,471641.0,5672.97
2016-01-18,1249.0,1249.9,1155.65,1202.5,1204.35,552760.0,6635.52
2016-01-15,1299.8,1303.0,1233.3,1241.0,1242.3,267564.0,3392.46
2016-01-14,1304.0,1315.9,1287.0,1288.95,1293.8,192374.0,2497.38
2016-01-13,1340.0,1358.45,1291.05,1328.0,1328.8,222208.0,2948.26
2016-01-12,1356.0,1379.2,1329.0,1333.0,1333.6,150697.0,2029.23
2016-01-11,1332.15,1369.5,1312.0,1367.0,1353.15,333415.0,4459.96
2016-01-08,1404.5,1422.0,1355.6,1361.4,1362.3,249069.0,3419.91
2016-01-07,1425.0,1425.0,1389.85,1398.0,1395.35,226376.0,3171.97
2016-01-06,1450.0,1457.5,1426.6,1429.0,1437.25,205534.0,2973.95
2016-01-05,1465.0,1478.45,1442.1,1451.25,1451.85,200370.0,2918.7
2016-01-04,1488.75,1501.5,1450.0,1457.7,1461.0,184349.0,2723.73
2016-01-01,1486.8,1512.9,1480.0,1481.8,1484.7,154601.0,2314.63
2015-12-31,1500.0,1504.8,1473.05,1481.5,1483.85,250186.0,3717.13
2015-12-30,1514.0,1514.5,1487.1,1498.0,1494.0,113708.0,1705.38
2015-12-29,1522.0,1534.5,1497.65,1505.0,1502.05,172517.0,2617.5
2015-12-28,1529.9,1531.6,1510.5,1517.8,1520.1,124756.0,1898.85
2015-12-24,1464.95,1533.35,1455.0,1522.0,1524.3,414336.0,6230.78
2015-12-23,1442.0,1468.0,1437.9,1454.15,1456.1,136809.0,1993.55
2015-12-22,1456.0,1460.0,1428.9,1430.15,1434.15,110421.0,1593.12
2015-12-21,1427.0,1459.9,1422.65,1457.0,1453.55,153707.0,2219.77
2015-12-18,1469.75,1469.75,1425.0,1430.95,1427.95,143703.0,2069.15
2015-12-17,1430.0,1476.0,1403.25,1473.2,1460.15,242379.0,3471.35
2015-12-16,1435.0,1459.15,1418.45,1430.0,1431.3,221957.0,3191.81
2015-12-15,1428.0,1452.8,1425.0,1430.05,1430.7,289620.0,4154.64
2015-12-14,1400.0,1436.95,1395.0,1428.0,1429.8,199580.0,2843.69
2015-12-11,1454.6,1473.9,1397.35,1408.15,1408.55,220878.0,3164.98
2015-12-10,1451.9,1462.0,1435.0,1455.0,1451.9,117073.0,1696.91
2015-12-09,1447.5,1462.5,1425.0,1456.9,1447.75,201664.0,2909.66
2015-12-08,1457.9,1467.0,1440.0,1450.0,1449.1,253761.0,3683.41
2015-12-07,1476.2,1506.0,1452.05,1465.0,1463.8,138354.0,2036.75
2015-12-04,1490.1,1508.05,1456.2,1482.0,1475.95,213117.0,3153.82
2015-12-03,1505.0,1529.25,1499.2,1505.8,1507.6,140353.0,2122.21
2015-12-02,1529.95,1550.0,1506.4,1517.0,1517.2,300047.0,4564.83
2015-12-01,1545.1,1572.95,1513.5,1522.0,1520.7,231433.0,3567.37
2015-11-30,1519.85,1558.9,1512.0,1541.35,1543.45,133141.0,2053.82
2015-11-27,1532.1,1539.1,1508.0,1515.1,1517.35,120930.0,1840.52
2015-11-26,1530.0,1554.0,1513.15,1550.35,1543.7,480551.0,7395.6
2015-11-24,1465.0,1539.9,1456.55,1530.0,1524.95,481111.0,7293.96
2015-11-23,1432.0,1480.0,1432.0,1465.55,1458.95,203322.0,2955.77
2015-11-20,1433.0,1477.0,1426.8,1432.0,1432.6,518817.0,7532.1
2015-11-19,1390.0,1440.0,1371.5,1428.0,1410.25,135820.0,1891.61
2015-11-18,1417.0,1418.6,1366.75,1382.75,1377.75,162728.0,2261.89
2015-11-17,1375.0,1439.95,1371.5,1413.65,1412.45,287672.0,4046.64
2015-11-16,1355.0,1381.8,1349.0,1366.9,1370.15,220163.0,3004.64
2015-11-13,1405.0,1405.0,1340.0,1364.0,1355.55,519057.0,7085.46
2015-11-11,1416.4,1421.4,1410.0,1419.55,1415.6,19697.0,278.79
2015-11-10,1419.0,1420.0,1393.0,1406.05,1403.4,177990.0,2500.28
2015-11-09,1410.0,1441.15,1382.25,1426.1,1427.9,268718.0,3826.65
2015-11-06,1370.55,1437.4,1352.25,1424.0,1425.6,1166781.0,16317.28
2015-11-05,1455.0,1490.0,1325.55,1396.0,1382.0,2899463.0,40475.46
2015-11-04,1474.4,1475.5,1444.0,1458.0,1456.25,526030.0,7644.08
2015-11-03,1509.0,1513.5,1456.0,1460.0,1463.95,345232.0,5113.51
2015-11-02,1462.0,1517.0,1450.0,1490.0,1496.6,298875.0,4469.9
2015-10-30,1486.0,1503.0,1460.0,1467.05,1464.6,311963.0,4656.1
2015-10-29,1512.2,1512.2,1475.6,1485.0,1481.7,269749.0,4018.38
2015-10-28,1502.9,1525.8,1501.5,1511.95,1513.1,188070.0,2853.66
2015-10-27,1502.9,1508.0,1485.55,1503.4,1503.15,367129.0,5507.43
2015-10-26,1524.9,1524.9,1499.15,1500.0,1505.7,177436.0,2683.14
2015-10-23,1522.1,1539.0,1513.95,1517.75,1519.0,255810.0,3904.52
2015-10-21,1524.85,1527.25,1499.1,1512.0,1508.45,268065.0,4058.57
2015-10-20,1549.8,1554.0,1523.45,1525.0,1526.55,243048.0,3730.55
2015-10-19,1569.0,1569.0,1530.25,1545.0,1544.5,190997.0,2949.11
2015-10-16,1569.0,1576.1,1553.0,1563.0,1563.3,138023.0,2157.8
2015-10-15,1550.0,1571.9,1547.65,1555.0,1554.75,155817.0,2428.68
2015-10-14,1559.0,1573.9,1550.0,1562.0,1561.95,170080.0,2658.74
2015-10-13,1558.8,1573.85,1544.75,1550.0,1548.85,141629.0,2200.99
2015-10-12,1560.5,1584.95,1523.15,1552.8,1552.35,237195.0,3721.37
2015-10-09,1576.0,1588.0,1542.4,1555.0,1558.55,336212.0,5284.77
2015-10-08,1555.0,1574.9,1544.0,1550.85,1558.95,397593.0,6202.77
2015-10-07,1645.0,1645.0,1568.0,1579.8,1581.75,539671.0,8600.23
2015-10-06,1671.35,1689.6,1660.55,1669.9,1669.65,435363.0,7291.73
2015-10-05,1652.0,1685.0,1649.05,1665.0,1661.7,608297.0,10177.09
2015-10-01,1619.0,1675.0,1612.0,1639.85,1639.65,290945.0,4810.99
2015-09-30,1599.55,1623.6,1586.7,1608.0,1601.35,210974.0,3383.38
2015-09-29,1601.0,1629.5,1585.0,1588.05,1591.25,193370.0,3109.19
2015-09-28,1625.0,1656.4,1600.0,1624.0,1624.75,179366.0,2937.62
2015-09-24,1572.0,1634.9,1562.1,1618.85,1613.2,261153.0,4184.05
2015-09-23,1540.0,1595.5,1532.0,1575.05,1582.8,291457.0,4542.79
2015-09-22,1601.1,1609.4,1555.0,1569.1,1568.65,180990.0,2852.95
2015-09-21,1562.0,1610.15,1540.1,1595.5,1595.45,227915.0,3612.76
2015-09-18,1640.5,1652.0,1562.0,1568.0,1569.5,272389.0,4355.75
2015-09-16,1660.6,1673.35,1624.1,1628.0,1632.0,95447.0,1567.0
2015-09-15,1665.05,1684.7,1640.0,1650.0,1650.5,133760.0,2220.77
2015-09-14,1611.1,1670.0,1611.1,1656.35,1665.85,144336.0,2382.62
2015-09-11,1620.0,1654.0,1617.0,1635.85,1632.4,159562.0,2608.25
2015-09-10,1574.0,1644.0,1530.25,1620.95,1620.9,250522.0,4004.16
2015-09-09,1540.5,1603.0,1537.0,1580.55,1588.05,259017.0,4106.49
2015-09-08,1521.4,1535.5,1478.0,1524.9,1523.8,167927.0,2530.94
2015-09-07,1570.0,1589.4,1512.65,1527.95,1519.7,180608.0,2784.91
